Sentiment,Tweets
,0
2,saya prediksi hsl rakernas pdi juang esok belum sebut nama hanya tegas kalau capres hal prerogatif ketua umum tapi saya sudah ada nama duga sosok di kantung bu mega dan fix bukan puan
1,rt dalisupratman mimpi muhammad qasim benar jadi imran kan gagal warta bulukumba mimpi muhammad qasim muhammad qasim dreams
0,rt dear bu puanmaharani ri besok kalau ngevlog video lihat yaa siapa saja yang ada di situ kata lagi ngobrol seriu
1,zarazettirazr merdekadotcom kalau yang aku tangkep ya bu itu bu mega lagi crita pas jmn dahulu dia biar puan tidak dapat yang genetika bisa jelek begitu tapi kalau skg bu mega sadar kalau mau nikah dengan yang beda ras etnis mala bisa bagus campur karena bineka tunggal ika dia skg tidak fanatik lagi begitu
1,merdekadotcom baru tahu bu puan belum nikah
1,rt kemalpalevi bu puan pak ganjar
1,rt dalisupratman mimpi muhammad qasim benar jadi imran kan gagal warta bulukumba mimpi muhammad qasim muhammad qasim dreams
1,rt kemalpalevi bu puan pak ganjar
1,puanmaharani ri pdi juang iya apa tidak lebih baik bu puan itu duduk dengar akan apa yang bicara pak jokowi bu mega cara tidak lngsg akan banyak ilmu yang bisa kita ambil dari bicara nya daripada urus vlog selfi kecuali kumpul dengan kawan boleh
1,rt kemalpalevi bu puan pak ganjar
1,ganjarpranowo ganjar ganjar dia semua pasti rasa ingat dan itu bu mega tidak personal mbak puan kemarin sudah berstatemen kok itu ingat untuk semua untuk siapa yang ada di partai demokrasi indonesia juang tutur
1,ganjarpranowo ganjar ganjar dia semua rasa ingat kalau mereka memang zig-zag semua pasti rasa ingat dan itu bu mega tidak personal mbak puan kemarin sudah statement kok itu ingat untuk semua untuk siapa pun yang ada di partai demokrasi indonesia juang tandas
1,satriohendri kalau pak gp tidak dicapreskan partai demokrasi indonesia juang pilpres kali ini akan lebih seru turut jadi friksi kalau kita baca mimik pak jokowi saat di interview bu mega ini gelagat presiden ada tekan ntk tidak melwan partai demokrasi indonesia juang jangan beri dukung ntk rival mbak puan berat
1,rt kemalpalevi bu puan pak ganjar
1,rt kemalpalevi bu puan pak ganjar
0,abdurarsyad memang bu puan kakak perempuan janda
0,saya doa agar nanti pak ganjarpranowo hasil lanjut bangun dan kembang ikn di masa depan dan tentu bu puan akan turut bangga
0,rt dear bu puanmaharani ri besok kalau ngevlog video lihat yaa siapa saja yang ada di situ kata lagi ngobrol seriu
0,bu mega oh mbak puan kapan saya di angkat jadi dewan wakil rakyat ri ini
0,jokowi semangat pak president dan bu puan
0,rt dear bu puanmaharani ri besok kalau ngevlog video lihat yaa siapa saja yang ada di situ kata lagi ngobrol seriu
0,rt an kiim maksud bu puan ini mau tegas nyata ibu banteng mau seperti apa cerita pak jokowi itu hanya tugas partai
2,cldswrm jangan lupa nontonn vlog bu puan
2,merdekadotcom memang itu bu puan belum nikah iya
2,sumandogaek geloraco bagaimana puan akan ketua dewan wakil rakyat ri masa begitu sih main selfi sama presiden mama banteng duduk tegap bahkan pak presiden jkw seperti yang takut setrap bu guru galak yah sedih banget mbak puan kira tidak hoby selfi presiden harus nya hormat seperti begini mah kasi
2,kemalpalevi bu puan sedang apa ya
2,bicara kaya begitu memang sudah yakin banget ada tukang bakso yang mau sama puan bu
2,rt zarazettirazr semua pernah naik sepeda iya apa jokowi iya apa ganjar iya apa anies iya kang emil bahkan bu puan jugak et cetera et cetera sila goog
2,bayusvara lhoo bu puan belum nikah
2,rt pelatihbart megawati jengkel banget kepada serta rakernas karena telah beliau puji bu puan eeh hadirin bahkan tidak tepuk tangan
1,kemalpalevi itu bu puan sedang apa
1,saya sepakat dengan bapak ini bu puan harus tahu waktu dan tempat
1,rt putrisakera kalian yang rasa tugas partai jangan dahulu hak prerogatif beliau ujuk kok mau nyapres lah terus sopo seng dan
1,rt cybsquad bu puan kenapa iya
1,rt cybsquad bu puan kenapa iya
1,rt kemalpalevi bu puan pak ganjar
1,rt kemalpalevi bu puan pak ganjar
0,syam tomagola burhanmuhtadi hantayuda andiarief susipudjiastuti sbyudhoyono dahulu saya tidak acuh apa yang laku bu puan tapi sekarang fix jadi disrespect sama bu puan
0,rt dear bu puanmaharani ri besok kalau ngevlog video lihat yaa siapa saja yang ada di situ kata lagi ngobrol seriu
0,rt dear bu puanmaharani ri besok kalau ngevlog video lihat yaa siapa saja yang ada di situ kata lagi ngobrol seriu
0,rt an kiim maksud bu puan ini mau tegas nyata ibu banteng mau seperti apa cerita pak jokowi itu hanya tugas partai
0,puanmaharani ri sangat tuju bu puan knsep green city ini akan jadi ikn asri dan nyaman untuk tinggal dan pasti jadi daya tarik sendiri bagi ikn
0,puanmaharani ri hebat iya bu puan ikn kembang pesat sangat suatu hari saye pasti kesane juga bu
1,rt cybsquad bu puan kenapa iya
1,rt cybsquad bu puan kenapa iya
1,sedih sama dukung ganjar dalam hati dag dig dug saing nya ibu puan soal pasti bu mega pilih anak lah buat jadi capres ngpaian pilih ganjar
1,buayaubanan bicara terus bicara terus bu megawati belum ada ganti nya kalau dia pensiun dari partai si puan belum pernah jadi ketua partai ambisi mau nyapres
1,rt kemalpalevi bu puan pak ganjar
1,cnnindonesia nungguin vlognya bu puan di ikn
1,rt kemalpalevi bu puan pak ganjar
1,rt kemalpalevi bu puan pak ganjar
2,bu puan belum nikah juga
2,rt pelatihbart megawati jengkel banget kepada serta rakernas karena telah beliau puji bu puan eeh hadirin bahkan tidak tepuk tangan
2,rt pelatihbart megawati jengkel banget kepada serta rakernas karena telah beliau puji bu puan eeh hadirin bahkan tidak tepuk tangan
2,tukang bakso juga belum tentu mau pilih puan bu
2,ezash bapak bapak baju ijo belah puan he hahahahha iya bu lucu
2,rt cybsquad bu puan kenapa iya
2,parejimin nahdiumarnahdi kemalpalevi notgrrey bu puan mirip mbak rara
2,rt zarazettirazr semua pernah naik sepeda iya apa jokowi iya apa ganjar iya apa anies iya kang emil bahkan bu puan jugak et cetera et cetera sila goog
2,merdekadotcom tapi ngomong-ngomong bu puan saja mirip ttnggaku dia jual pop ice sama cilor ngomong-ngomong mungkin tukang bakso lebih baik
2,yusuf dumdum jokowi sungkem sama bu puan tidak ada
2,saat kah jambi kemarin eh ada sponsor mbak puan lalu platform facebook jujur saat di jakarta iklan ini tidak pernah muncul gilir di jambi langsung di sambut he mbakpuan pripun kabare suara kulo lan kulo pun mirengke bu he
2,merdekadotcom kirain sudah nikau bu puan apa tetangga gada yang nyindir iya sudah umur tapi tidak
1,rt cybsquad bu puan kenapa iya
1,jafarudinjapra bjrokteambandit msaid didu mbak puan mungkin nyalon nanti di bu iriana jilbab dukung suami di kampanye dan jelas itu politik identitas
1,rt cybsquad bu puan kenapa iya
1,rt cybsquad bu puan kenapa iya
1,kamera cctv portabel link video tagar bu puan bu mega rp rp semalem bapak ir dream
1,rt cybsquad bu puan kenapa iya
1,jokowi hari ini hut daerah khusus ibukota jakarta dan hari ini juga presiden joko widodo serta ketua dewan wakil rakyat ibu puan kunjung kah calon ibu kota indonesia yang akan datang cita ayah bu mega bung karno untuk pindah ibu kota kah kalimantan lanjut di era jokowi
1,puanmaharani ri iyaa maap iya sudah saya tanya dengan anda saja apa prestasi bu puan lama jabat ketua dpr-ri selain matiin mic 
1,rt dalisupratman mimpi muhammad qasim benar jadi imran kan gagal warta bulukumba mimpi muhammad qasim muhammad qasim dreams
1,kabar gembira untuk para investor tambang batubara bagaimana ini tanggap kamu sahamcuan milenialinvestasi pintarinvestasi investasicerdas kabargembira batubara tambang mafiatambang jakarta hajat bu mega rp rp badan eksekutif mahasiswa universitas indonesia presiden republik indonesia bu puan
1,rt ada solusi ngkongroses jokowi sangat hangat seperti pulang kah rumah ketemu ibu bu mega dan kakak mbak puan
1,kemalpalevi aselii saya bingung dia presiden kalian loh bu mega bu puan
1,rt cybsquad bu puan kenapa iya
1,rt cybsquad bu puan kenapa iya
0,puanmaharani ri keren banget bu puan ikn usung konsep green city sudah bayang bagai mana jadi nanti
0,rt jalan hidup adalah proses juang tanpa henti tabur mimpi isi dengan tekad yakin suatu saat palestina
0,rt kemalpalevi bu puan pak ganjar
0,ade armando partai demokrasi indonesia juang harus ingat bu mega dan puan fajar puan maharani
0,petungl amiir eka saya tanggap nya dalam perintah iya beliau panglima tinggi di indonesia tetapi di dalam struktur partai beliau bahkan masih bawah bu puan maharani apa lagi sama megawati
0,rt bentangnegeri saya sepakat dengan bapak ini bu puan harus tahu waktu dan tempat
0,bisa lho tahan emosi nunjukin kita siapa dengan tidak ngonten harga bu mega bagai ketua partai dan harga pak jokowi yang tidak ngelus emosi saya presiden ini karena rakyat ingin lihat presiden hormat begitu lho mbak puan
0,ade armando partai demokrasi indonesia juang harus ingat bu mega dan puan ade armando bu mega headline jokowi
0,tidak ada yang salah dengan pak jokowi duduk di kursi itu karena konteks memang anggota partai he just being humble tahu asal walau betul orang bu mega yang duduk di kursi sendiri juga tidak salah mbak puan yang sedang apa coba bikin konten
0,rt dear bu puanmaharani ri besok kalau ngevlog video lihat yaa siapa saja yang ada di situ kata lagi ngobrol seriu
0,rt an kiim maksud bu puan ini mau tegas nyata ibu banteng mau seperti apa cerita pak jokowi itu hanya tugas partai
0,rt an kiim maksud bu puan ini mau tegas nyata ibu banteng mau seperti apa cerita pak jokowi itu hanya tugas partai
0,rzkilia wah iya benar mungkin bisa kasih tambah atur kayak begitu aduh plis pikir lagi bu puan dan kawan tidak mungkin deh perintah ngawasin laku usaha satu satu too much effort
0,saya optimis nanti pak ganjarpranowo akan duduk di posisi yang sama dng pak jokowi dan bu puan yang ada di posisi bu mega
0,rt miochess askrlfess bu puan vibesnya kaya anak gadis yang ingin update ig story pakai capt di kantor mama ini teman
1,rt cybsquad bu puan kenapa iya
1,ngkongroses jokowi sangat hangat seperti pulang kah rumah ketemu ibu bu mega dan kakak mbak puan di rumah partai demokrasi indonesia juang hangat sekali apa ada tidak pakai settingan
1,kalau bu mega aju bu puan bagai capres dari partai demokrasi indonesia juang apa beda beliau dan sby tibatibaterpikirkan
1,rt syam tomagola burhanmuhtadi hantayuda andiarief susipudjiastuti sbyudhoyono sangat sayang hal begini sebar kelu
1,rt kemalpalevi bu puan pak ganjar
1,rt kemalpalevi bu puan pak ganjar
1,rt kemalpalevi bu puan pak ganjar
1,rt saya juga paham bu mega tahu betul metode ilmiah yang guna lembaga survey tidak sembarang dapat dipertanggungjawabkan
1,rt bu mega juga sadar jika puan tidak maju di pilpres maka peluang jaga generasi proklamator bagai presiden ri hilang sudah
1,rt clara asma sholat tapi pikir masih mana itu lebih baik daripada mana tetapi tidak sholat ali bin abi thalib 
1,rt cybsquad bu puan kenapa iya
1,rt hhamdisofyan pak presiden sedang hadap bu mega ada mbak puan juga salut buat mbak puan yang lihat bahagia sekali 
1,rt mndjaya joko widodo selamat ulang tahun kah moga sehat terus jaga nkri bu mega bu puan mohon restu pak ganjarpranowo menja
1,rt saya juga paham bu mega tahu betul metode ilmiah yang guna lembaga survey tidak sembarang dapat dipertanggungjawabkan
1,rt kadrun kayak kamu mau puan maharani yang usung partai demokrasi indonesia juang biar mudah kalah sabar iya drun partai demokrasi indonesia juang bawah bu megawati
1,rt puanmaharani ri bu puan yang baju kuning di belakang bu mega yaa tidak nyangka anak kecil dan manja itu kini jadi ket
1,ragilsemar wis ben gong lah wong mandate bu ketua umum juga lewat musyawarah mufakat coba kalau misal tetiba bu ketua umum putus anies puan opo tidak do koplak ndase pilih umum sih tahun wis dho mbebeki tidak mikir rakyate akeh sing pusing gundhule rego pajek dan lain mundhak
1,tanya yang sama atau iya he kalau mbak puan kalau bu mega nya benar baru arti masih sangat muda dong mbak puan nya
0,maksud logika beliau begini gubernur juga kerja untuk penting rakyat jadi yang boleh jadi capres hanya orang yang tidak kerja buat penting rakyat siapa itu arti bu puan juga tidak boleh dong atau bu puan boleh karena
0,inkboz arti bu puan tidak tahu kalau presiden pak jokowi
0,susipudjiastuti pak karno wafat tahun bu puan lahir tahun kok
0,wantahgdn kakekhalal udahlah bu puan terima nyata kalau anda belum siap dan sangat tidak siap
0,galaang ra kok bayar tidak wadulne bu puan dan antek
0,rt wantahgdn sering turun gunung nggih bu biar kenal banyak warga
0,puanmaharani ri siap siaga iya bu puan atas masalah yang ada
0,puanmaharani ri bu puan jadi pelopor
0,puanmaharani ri lanjut tradisi bung besar estafet sudah saat laku semangat bu puan kobar satu di bumi pertiwi hablum minanas
0,nowrenjlies jadi baliho ngalahin bu puan
0,puanmaharani ri wujud cinta tanah air dengan hilang beda yang ada dengan anggap beda buah hidayah allah bukti hamba dari orang manusia hadap tuhan barakallah bu puan dan para ulama
0,puanmaharani ri tapak tilas sejarah eyang mudah cita satu kembali bangsa mampu wujud oleh bu puan dan para ulama aamiin
0,rt puanmaharani ri maturnuwun seng akeh bu puan
0,rt puanmaharani ri moga bansos di turun kembali bu puan
0,rt puanmaharani ri moga tidak hanya bangsa iya bu puan yang maju
0,rt puanmaharani ri moga semua di lancar pada saat realisasi nanti bu puan
0,rt puanmaharani ri jangan kapok beri bantu kepda masyarakat kecil iya bu puan
0,rt puanmaharani ri ibu puan pasti bisa bangun bangsa ini kah arah yang lebih baik lagi iya bu
0,rt puanmaharani ri jika ibu kenan mau bu puan beli tanah atau rumah dari saya
0,rt puanmaharani ri moga ibu puan kenan jadi presiden lanjut karena pak jokowi sudah tidak mau bu
0,rt puanmaharani ri moga bu puan selalu di ikan sehat oleh allah agar terus bawa bangsa ini pada maju
0,puanmaharani ri jangan kapok beri bantu kepda masyarakat kecil iya bu puan
0,rt geloraco temu kiai muda se-jatim puan dahulu bu mega dan gus dur seperti kakak-adik kenapa kita tidak
0,puanmaharani ri ibu puan pasti bisa bangun bangsa ini kah arah yang lebih baik lagi iya bu
0,puanmaharani ri moga tidak hanya bangsa iya bu puan yang maju
0,puanmaharani ri jika ibu kenan mau bu puan beli tanah atau rumah dari saya
0,jumianto rk naah begitu dong pak dijelasin dahulu sih bu puan pernah dibully matiin microfon saat rapat dewan wakil rakyat
0,puanmaharani ri moga bansos di turun kembali bu puan
0,rt news pantau mantap bu puan sangat peduli pada rakyat kecil kucur dana langsung lak senang rakyate barokallahu arep nyalo
2,rt zarazettirazr semua pernah naik sepeda iya apa jokowi iya apa ganjar iya apa anies iya kang emil bahkan bu puan jugak et cetera et cetera sila goog
2,merdekadotcom tapi ngomong-ngomong bu puan saja mirip ttnggaku dia jual pop ice sama cilor ngomong-ngomong mungkin tukang bakso lebih baik
2,yusuf dumdum jokowi sungkem sama bu puan tidak ada
2,saat kah jambi kemarin eh ada sponsor mbak puan lalu platform facebook jujur saat di jakarta iklan ini tidak pernah muncul gilir di jambi langsung di sambut he mbakpuan pripun kabare suara kulo lan kulo pun mirengke bu he
2,merdekadotcom kirain sudah nikau bu puan apa tetangga gada yang nyindir iya sudah umur tapi tidak
2,baca bio igeh nya bu puan
2,rt pelatihbart megawati jengkel banget kepada serta rakernas karena telah beliau puji bu puan eeh hadirin bahkan tidak tepuk tangan
2,rt pelatihbart megawati jengkel banget kepada serta rakernas karena telah beliau puji bu puan eeh hadirin bahkan tidak tepuk tangan
2,lho bukan bu puan sudah punya suami
2,merdekadotcom bu puan masih tidak punya pacar kirain sudah anak
2,rt restart mungkin you need rachel bu puan osamu joko widodo
2,rt pelatihbart megawati jengkel banget kepada serta rakernas karena telah beliau puji bu puan eeh hadirin bahkan tidak tepuk tangan
2,merdekadotcom lagi memang ada tukang bakso yang mau sama bu puan
2,rt pelatihbart megawati jengkel banget kepada serta rakernas karena telah beliau puji bu puan eeh hadirin bahkan tidak tepuk tangan
2,sing jembarhate leonita lestari jokowi saya dukung pak jokowi saya juga tidak tuju gaya bu mega dan mbak puan yang kayak anak anak ambil video saatbpertemuan dengan orang presiden ri paling tidak pakai kursi tamu dan videony jangan norak begitu dongg etika dan adab bagai petinggi dan negarawan mana
2,ayehuasca dari tindak tanduk nya kayak bu mega pu tidak akan tunjuk mbak puan untuk maju capres in my own opinion
2,rt sonjayasyaiful puanmaharani ri lettachantik adu rakyat di tanggap bu puan maharani ketua dewan wakil rakyat ri kami raktat adu pada ht
2,puanmaharani ri lettachantik adu rakyat di tanggap bu puan maharani ketua dewan wakil rakyat ri kami raktat adu pada
2,bu mega larang mbak puan cari pasang kang bakso mungkin yang cari kang sayur biar yakin jadi kali sudah
2,rt cybsquad bu puan kenapa iya
2,rt pelatihbart megawati jengkel banget kepada serta rakernas karena telah beliau puji bu puan eeh hadirin bahkan tidak tepuk tangan
1,rt beautiful islamic version rachel bu puan osamu joko widodo
1,rt restart mungkin you need rachel bu puan osamu joko widodo
1,rt trust on allah rachel bu puan osamu joko widodo
1,rt denmassojo kepala negara kayak tidak ada harga diri oligarki sang haji anies bu puan yusuf mansur
1,rt true rachel bu puan osamu joko widodo
1,rt cybsquad bu puan kenapa iya
1,rt beautiful islamic version rachel bu puan osamu joko widodo
1,rt true rachel bu puan osamu joko widodo
1,rt zahwasfiera drawing sand lukis pasir adalah tradisi dan praktik seni dan ritual ni-vanuatu yang aku oleh unesco bagai kar
1,rt denmassojo kepala negara kayak tidak ada harga diri oligarki sang haji anies bu puan yusuf mansur
1,beautiful islamic version rachel bu puan osamu joko widodo
1,rt ririanagarden polaronid sbmptnfess pajionly yang mirip bu puan kakak cmn beri tahu saja
1,rt ririanagarden polaronid sbmptnfess pajionly yang mirip bu puan kakak cmn beri tahu saja
1,rt denmassojo kepala negara kayak tidak ada harga diri oligarki sang haji anies bu puan yusuf mansur
1,rt cybsquad bu puan kenapa iya
1,trust on allah rachel bu puan osamu joko widodo
1,maaf saya tidak respect sama bu puan
1,rt cybsquad bu puan kenapa iya
1,rt cybsquad bu puan kenapa iya
1,video selfie bu puan benar cuma nandakan kalau di level atas pun orang komunikasi nyantai sama saja kaya orang banyak kalau pakai kacamata protokoler dan jabat iya tidak sesuai
1,rt karena saya tidak butuh nilai manusia bu puan depok h joko widodo mixue tambun anies baekhyun ice bsd pbnu bung ke
1,rt denmassojo kepala negara kayak tidak ada harga diri oligarki sang haji anies bu puan yusuf mansur
1,lienpauline tanpa di usung bu mega tidak bakal jkw jadi presiden wajar saja mbak puan begitu nama juga tugas
1,rt rajatikamdiy lienpauline bu puan haduuh kok koyo ngene
1,rt lienpauline bu puan ingat lhoo pak jokowi itu presiden tugas rakyat ibu jika ingin nyapres harga presiden tata krama jaga
1,rt cybsquad bu puan kenapa iya
1,rt cybsquad bu puan kenapa iya
1, zara snickers bu puan baekhyun lysn
1,rt ririanagarden polaronid sbmptnfess pajionly yang mirip bu puan kakak cmn beri tahu saja
1,rt cybsquad bu puan kenapa iya
1,rt cybsquad bu puan kenapa iya
1,mungkin sana kamu rasa bahagia atau bahkan balik armada apa kabar sayang cover coverlagu lysn bu puan uang mana uang menujunegaraotoriter mafia hukum kalsel
1,rt ririanagarden polaronid sbmptnfess pajionly yang mirip bu puan kakak cmn beri tahu saja
1,siklus hidup rumah tangga kucing depok malaysia osamu jokowi uang mana uang per tidak ya oleh untuk dan tidak untuk tidak dan tidak untuk jateng is redaksi bu puan cewek
1,rt cybsquad bu puan kenapa iya
1,rt zahwasfiera tawakkal juga syukur nya jangan lupa iya tambun malaysia bu puan joko widodo
1,harus video ini dan pov video dari bu puan alias kembar mbak rara itu gausah dipost tidak sihh ini akan presiden ohiya deng akan lagi diospek dpn senior yang cuma tiga tahun saja
0,puanmaharani ri moga semua di lancar pada saat realisasi nanti bu puan
0,puanmaharani ri maturnuwun seng akeh bu puan
0,puanmaharani ri moga bu puan selalu di ikan sehat oleh allah agar terus bawa bangsa ini pada maju
0,rt geloraco temu kiai muda se-jatim puan dahulu bu mega dan gus dur seperti kakak-adik kenapa kita tidak
0,detikcom dan nyata di belakang bu puan ada pak prabowo moga bapak menang pilpres aamin
0,rt bennykeef selamat pagi temans mari minum kopi sus moga mimpi kita wujud di tahun nanti sehat terus bu susipudjiastuti htt
0,aveliqualice iyaa bu puan metal dahulu
0,detikcom yah detik akan bu puan lagi bantu yang teriak paling kenceng ingin dapat bantu juga kali iya sah saja tapi belum tentu bilik tps nanti coblos apa juga tidak tahu bisa jadi akan ada dari yang lain masih lama kan waktu warga memanfaatkn situasi
0,rt wantahgdn sering turun gunung nggih bu biar kenal banyak warga
0,rt geloraco temu kiai muda se-jatim puan dahulu bu mega dan gus dur seperti kakak-adik kenapa kita tidak
0,rt geloraco temu kiai muda se-jatim puan dahulu bu mega dan gus dur seperti kakak-adik kenapa kita tidak
0,temu kiai muda se-jatim puan dahulu bu mega dan gus dur seperti kakak-adik kenapa kita tidak
0,kompastv puanmaharani ri bu puan tunggu di tpst piyungan banyak pulung butuh perhati nanti bantu tim mpm ppmuh untuk terjun langsung
0,rt wantahgdn sering turun gunung nggih bu biar kenal banyak warga
0,bu puan jangan sampai perempuan lain banyak yang mau gila juga perhati cuti lahir untuk suami juga iya dpr ri
0,telah saya pergi dari jaksel saya sudah mmbagikan undang kah bu sus dan bu puan jadi saya mampir lakh mkan dulu saudara laki breng ngab kaos deus yang satu enih kgk ada yang bayar soalny kita smwa tidak bwa uang miskin jadi lari ajh sblum digebukin warga
0,panggil ning maharani puan depan kiai muda surabaya bu mega dan gus dur seperti kakak-adik
0,rt wantahgdn sering turun gunung nggih bu biar kenal banyak warga
0,rt wantahgdn sering turun gunung nggih bu biar kenal banyak warga
0,rt wantahgdn sering turun gunung nggih bu biar kenal banyak warga
0,rt wantahgdn sering turun gunung nggih bu biar kenal banyak warga
0,rt wantahgdn sering turun gunung nggih bu biar kenal banyak warga
2,murah coba cek ini deh kabel data macaron quality fast charging kabel charger all tipe hp random di toko ar khabibshop tokopedia bisa bebas ongkos kirim lho dan tidak untuk jateng is redaksi bu puan anies depok tambun
2,rt clara asma sholat tapi pikir masih mana itu lebih baik daripada mana tetapi tidak sholat ali bin abi thalib 
2,rt rachel bu puan osamu jack grealish oligarki sang haji
2,rt right rachel bu puan osamu jack grealish oligarki sang haji
2,budirohmanto memefess ada vidio story versi bu puan itu kak
2,right rachel bu puan osamu jack grealish oligarki sang haji
2,rt kemalpalevi bu puan pak ganjar
2,pelatihbart kalau pak gp tidak dicapreskan partai demokrasi indonesia juang pilpres kali ini akan lebih seru turut jadi friksi antara dukung mbak puan dengan gp kalau kita baca mimik pak jokowi saat di interview bu mega ini gelagat bhwa presiden ada tekan ntk tidak melwan partai demokrasi indonesia juang dengan mmasang capres laen bagai rival
2,rt winnerwave puan bu puanmaharani ri sering manuver itu bu kok aman aman saja
2,gtr yn aaxoposisi harap sperti itu kalau pak gp tidak dicapreskan partai demokrasi indonesia juang pilpres kali ini akan lebih seru turut jadi friksi antara dukung mbak puan dengan gp kalau kita baca mimik pak jokowi saat di interview bu mega ini gelagat bhwa presiden ada tekan ntk tidak melwan partai demokrasi indonesia juang
2,rt sobat ini bukan foto atau sc dari film tapi ini nyata jadi di yaman anak anak kurang gizi akibat peperangan
2,rt pelatihbart megawati jengkel banget kepada serta rakernas karena telah beliau puji bu puan eeh hadirin bahkan tidak tepuk tangan
2,rt cybsquad bu puan kenapa iya
2,politics aside ini lucu banget pak jokowinya kayak lagi confess di depan guru bk terus bu puan seperti anak cepu favorit guru bk tapi musuh anak di sekolah d sisa seperti teman yang mau konsul snmptn tapi kaget lihat jokowi lagi dimarahin
2,puan bu puanmaharani ri sering manuver itu bu kok aman aman saja
2,askrlfess itu bu puan sedang apa haus konten 
2,geloraco jabat presiden itu lekat lama jabat video foto yang di share puan ini mksdnya apa iya sengaja untuk runtuh wibawa presiden kita atau memang begitu asli bahwa bu mega lebih kuasa atas pribadi orang jokowi 
2,ayehuasca bu puan polos banget tidak sih
2,rt pelatihbart megawati jengkel banget kepada serta rakernas karena telah beliau puji bu puan eeh hadirin bahkan tidak tepuk tangan
2,rt clara asma sholat tapi pikir masih mana itu lebih baik daripada mana tetapi tidak sholat ali bin abi thalib 
2,rt spray bersih noda sore uang mana uang negara hadir tambun moana bu puan malaysia mixu
2,exmaknae tidak takut aku pakai avatar bu puan xixi
2,rt kemalpalevi itu bu puan lagi ngatur ac pakai hap siaomi
2,tonisummerbee firmanstosa mastenky bu puan bilang lagi ngobrol dengan presiden
2,rt pelatihbart megawati jengkel banget kepada serta rakernas karena telah beliau puji bu puan eeh hadirin bahkan tidak tepuk tangan
2,rt pelatihbart megawati jengkel banget kepada serta rakernas karena telah beliau puji bu puan eeh hadirin bahkan tidak tepuk tangan
2,rt gelora puan sama siapa bu megawati kalau di partai demokrasi indonesia juang masih bicara koalisi out
2,rt dear bu puanmaharani ri besok kalau ngevlog video lihat yaa siapa saja yang ada di situ kata lagi ngobrol seriu
2,rt pelatihbart megawati jengkel banget kepada serta rakernas karena telah beliau puji bu puan eeh hadirin bahkan tidak tepuk tangan
2,rt cybsquad bu puan kenapa iya
2,kemalpalevi bu puan mirip banget mbak rara waktu di acara nowplaying bandung gitu
2,geloraco sejati bu puan ingin tunjuk akan kalau ibu mega adalah yang paling di bos akan di dalam partai dan yang bisa ngatur semua kader partai jadi jangan ada yang ngusik kader partai selain internal mreka
2,askrlfess wkwkwk lucu banget ini plis pakai sgala mau nge storiin itu bu puan
2,rt pelatihbart megawati jengkel banget kepada serta rakernas karena telah beliau puji bu puan eeh hadirin bahkan tidak tepuk tangan
2,pelatihbart msaid didu belah bu puan itu siapa 
2,rt pelatihbart megawati jengkel banget kepada serta rakernas karena telah beliau puji bu puan eeh hadirin bahkan tidak tepuk tangan
2,selife bu puan dan ibu yang ngerekam aw harus tidak edar di ruang publik biarin saja jadi urus privat bahkan mantik debat yang tidak penting
2,saya baru nyadar kalau dua kakak bu puan di foto itu nama awal muhammad semua arti iya ada unsur islami tidak dari nama
2,rt cybsquad bu puan kenapa iya
2,cxford lengser bu puan
2,bu puan ini gada etika iya itu pak presiden loh iya meski pak jkw dari partai politik yang sama dan sedang ada di rumah tapi akan minimal ingat etika beliau tetap presiden bahkan ngevlog
2,rt kemalpalevi itu bu puan lagi ngatur ac pakai hap siaomi
2,gila sih kalau bu mega keras kepala mau puan yang di calonin dia siap jatoh kayak
2,moonareas bahas bu puan
2,momen jokowi duduk di depan bu mega puan sibuk ngevlog jhon sitorus seperti dalam tekan jakarta edunews id-presiden joko widodo tampak laku bicara serius dengan ketua umum pdi juang megawati soekarnoputeri di ruang khusus
2,rt pelatihbart megawati jengkel banget kepada serta rakernas karena telah beliau puji bu puan eeh hadirin bahkan tidak tepuk tangan
2,momen jokowi duduk di depan bu mega sementara puan sibuk ngevlog jhon sitorus beri komentar begini
2,rt pelatihbart megawati jengkel banget kepada serta rakernas karena telah beliau puji bu puan eeh hadirin bahkan tidak tepuk tangan
2,dear bu puanmaharani ri besok kalau ngevlog video lihat yaa siapa saja yang ada di situ kata lagi ngobrol serius bu puan untung tapi jangan sampai jadi buntung btw bu puan masih jadi ketua dewan wakil rakyat akan yaa carbon copy pdi juang didik moral pancasila
2,rt cybsquad bu puan kenapa iya
2,rt zarazettirazr semua pernah naik sepeda iya apa jokowi iya apa ganjar iya apa anies iya kang emil bahkan bu puan jugak et cetera et cetera sila goog
2,rt pelatihbart megawati jengkel banget kepada serta rakernas karena telah beliau puji bu puan eeh hadirin bahkan tidak tepuk tangan
2,rt pelatihbart megawati jengkel banget kepada serta rakernas karena telah beliau puji bu puan eeh hadirin bahkan tidak tepuk tangan
2,rt cybsquad bu puan kenapa iya
2,rt akunrecehpeduli prestasi bu puan maharani
2,rt ada solusi ngkongroses jokowi sangat hangat seperti pulang kah rumah ketemu ibu bu mega dan kakak mbak puan
2,rt kemalpalevi bu puan pak ganjar
2,rt pelatihbart megawati jengkel banget kepada serta rakernas karena telah beliau puji bu puan eeh hadirin bahkan tidak tepuk tangan
2,rt pelatihbart megawati jengkel banget kepada serta rakernas karena telah beliau puji bu puan eeh hadirin bahkan tidak tepuk tangan
2,rt pelatihbart megawati jengkel banget kepada serta rakernas karena telah beliau puji bu puan eeh hadirin bahkan tidak tepuk tangan
2,permadikdik cowo mau lamar bu puan mau kamu laku rekayasa genetika sama
2,rt pelatihbart megawati jengkel banget kepada serta rakernas karena telah beliau puji bu puan eeh hadirin bahkan tidak tepuk tangan
2,kemalpalevi bu puan ko tidak pakai krudung bukan sudah hijrah serum bulu mata bu biar awet muda
2,puanmaharani ri bu puan yang mana iya
2,kemalpalevi iqbalprakasaa bu puan lagi inspeki ac panas mau lapor kah bagi ada
2,democrazymedia dan apa yang bu puan laku sekarang apa hanya bisa komentar saja
2,rt pelatihbart megawati jengkel banget kepada serta rakernas karena telah beliau puji bu puan eeh hadirin bahkan tidak tepuk tangan
2,rt kagetyakaget bu mega beri contoh yang tidak elok saat terima presiden dengan posisi duduk seperti berskrim sdang interogasi sangka smtr mbak per
2,rt akunrecehpeduli prestasi bu puan maharani
2,rt an kiim maksud bu puan ini mau tegas nyata ibu banteng mau seperti apa cerita pak jokowi itu hanya tugas partai
2,rt zarazettirazr semua pernah naik sepeda iya apa jokowi iya apa ganjar iya apa anies iya kang emil bahkan bu puan jugak et cetera et cetera sila goog
2,rt nargezhelena sudah terlalu radang bu puan joko widodo depok malayisa jateng is redaksi
2,pak jokowi lagi bimbing skripsi bu puan adalah asdos yang sok asik
2,macchiatotimee ku sebut kamu keren dan berani tertawa tag bu puan nya jangan hahaha
2,itu bu puan sudah cem vloger vloger
2,rt akunrecehpeduli prestasi bu puan maharani
2,rt zarazettirazr semua pernah naik sepeda iya apa jokowi iya apa ganjar iya apa anies iya kang emil bahkan bu puan jugak et cetera et cetera sila goog
2,puanmaharani ri yang jadi panutan ajar saya adalah ajar kanjeng nabi muhammad saw bu puan maap iya maaf
2,rt zarazettirazr semua pernah naik sepeda iya apa jokowi iya apa ganjar iya apa anies iya kang emil bahkan bu puan jugak et cetera et cetera sila goog
